item_name,description,auth_choosen_name,preview,preview_status,video_360,video_360_status,zpr_file_status,texture_pack_link_status,Submission accepted
Cage-corset,"How far can designers push an appearance if it can be worn instantly with simply a digital filter, abandoning the manufacturing restrictions and mindset of commercial and easy-to-produce fashion products? Or, can people be as bold as designers while rocking ""technologic"" designs?

The ambiguous epaulets on the shoulders and the grid balance of the ""cage"" part are seemingly contradictory designs that, like the lower metal surface that begins a little lower than the waist (despite the last ""cage"" line that defines that boundaries), can be worn with esteem at any robotic bagnio or at the virtual colosseum, even while simultaneously flaneuring in elegance over any ball.

This long dress, made in DFW, is cut from metallic anarchy of sleek lines, and it can be worn in any attitude, thanks to the wizardry of AR.
",decentralize* (from D.F.W),"https://dl.airtable.com/.attachments/6f08c2d45041bd89b49c97da3f7a2bc6/7a638888/PNG-24-pointlight-50mmlens-T.png?ts=1658991118&userId=usrJS3FPcjRWm5Vxo&cs=9b73045e6fa40245, ",All good,"https://dl.airtable.com/.attachments/3d1426c973023a846018ffcd8a8220b8/5e03a20f/MP4videopreview-pointlight-50mmlens_2.mp4?ts=1658991118&userId=usrJS3FPcjRWm5Vxo&cs=5f43606458e3c4bc, ",All good,All good,All good,1
Chladni Jacket,"The design of garments was built on the idea of healing sounds. The Chladni plates (the visualization of sound vibrations) provide a therapeutic effect on the human body. The prints for the collection refer to images of the plate's surface and motion between various frequency values. Sooner or later, fashion tech specialists will create ""healing garments"" for daily use to make people calm down during anxiety, but now it's just a fantasy of the future of techwear.",Anastasia Balabanova,"https://dl.airtable.com/.attachments/29a49736a8404ef1eeb7947da331d011/384093f3/chladni_jacket_1.png?ts=1658991118&userId=usrJS3FPcjRWm5Vxo&cs=d910dc6af82201fd, ",All good,"https://dl.airtable.com/.attachments/291c33fdeab7a4526ef587f5d7044b63/c3b141b1/Chladni_jacket_360.mp4?ts=1658991118&userId=usrJS3FPcjRWm5Vxo&cs=6262eb97b523d103, ",All good,All good,All good,1
PANFOSIS,"hybrid down Cargo trousers with welt pockets, 3D printed surface as fabric embellishment.

These Down-cargo trousers recreate the symbiotic status between the larvae and cocoon.",CVERICHE,"https://dl.airtable.com/.attachments/f15fc5c70c3f17ea109096e058e1242a/9232954d/PANFOSIS_ColorwayA.png?ts=1658991118&userId=usrJS3FPcjRWm5Vxo&cs=ec66d71e5320a825, ",All good,"https://dl.airtable.com/.attachments/ceb8397bd6a6b3e2c34931bb8c93c8f5/227fe2e6/PANFOSIS_ColorwayA_0.mp4?ts=1658991118&userId=usrJS3FPcjRWm5Vxo&cs=2dba3649aad83a17, ",All good,All good,All good,1
"Pants ""Future vision""","The futuristic trend of avant-garde art of the XX century served as a source of inspiration for the creation of pants. The motifs of futuristic architecture were used in the design process of the shape of the pants, and the texture of the material resembles concrete.",regul_art_,"https://dl.airtable.com/.attachments/90fb558bcae1555e58413cf1fdcf3bb6/cd1845ad/regul_art_2.png?ts=1658991118&userId=usrJS3FPcjRWm5Vxo&cs=f14c0bae4c12b37f, ",All good,"https://dl.airtable.com/.attachments/a20b7c2668ec8724fa31a5e9d52dbecf/a83f9489/regul_art_animation2.mp4?ts=1658991118&userId=usrJS3FPcjRWm5Vxo&cs=b045a37a1b265df5, ",All good,All good,All good,1
PUFF PILLOW SHIRT ,"All-over printed puff shirt with detachable half sleeves and buttons opening along the sides and shoulders. The print represents a dystopian desert with cities' famous monuments and buildings in ruins. The print was generated initially by artificial intelligence and readjusted by humans. The ironic message ""Good morning, today is another day"" refers to the nonchalance and careless behavior of a part of society concerning the planet's future.",8IGB X r(E)CRATE,"https://dl.airtable.com/.attachments/0c6dafadd27bcae1edbc02e9ad9cda30/d4288549/8IGBxRECREATEpillowshirt_Custom_View_1.png?ts=1658991118&userId=usrJS3FPcjRWm5Vxo&cs=41a4185de611c4f1, ",All good,"https://dl.airtable.com/.attachments/0fdb75eb7e848d5117f586394412750f/f46c6ee0/8IGBxRECREATEpillowshirtvideo.mp4?ts=1658991118&userId=usrJS3FPcjRWm5Vxo&cs=ae373ea06dec147b, ",All good,All good,All good,1
Ginkgo Dynasty,"You are a princess in the country of ginkgo trees, but you are not spoiled nor mild. You dress for the elegance and the glory of your home. The item is built based on real garment construction and all elements is simulation-able. 
It is build in Style3D, a software my company made, so my item is in .Sproj. Hope it's not a problem, I will also hand in obj, glb and gltf.",Root & Studios,"https://dl.airtable.com/.attachments/a20a9bb1bb3b91704aaa434b00878909/0387afbc/ginkgo_dynasty_root_preview.png?ts=1658991118&userId=usrJS3FPcjRWm5Vxo&cs=cfb05d556fb370dc, ",All good,"https://dl.airtable.com/.attachments/5946753d570377b3a92bb2eee24d6233/7b9c131b/ginkgo_dynasty_root_video.mp4?ts=1658991118&userId=usrJS3FPcjRWm5Vxo&cs=75152a443fc3401c, ",All good,All good,All good,1
Arch Dress,"Bodycon dress with a combination of different textures: iridescent flounces, ribbed knit and digital satin with a camo-inspired print. The dress has a flounce structure arching around the body from the front neck towards the back, following the curved vertical panels.
The construction and inspirations are eclectic, coming from different types of garments such as bodycon dress, evening gown, and even elements from active wear in the form of ribbed inserts and cut out racer back detail. When creating this design I was exploring my interest in merging seemingly opposing elements into a refined whole, while creating a unique piece for a virtual wardrobe.",Renata Rakossy,"https://dl.airtable.com/.attachments/c412c671a22a3454c299212ea068f17f/02909dc4/RRY_Archdressmask.png?ts=1658991118&userId=usrJS3FPcjRWm5Vxo&cs=0e486e924146bd73, ",All good,"https://dl.airtable.com/.attachments/d1cdcc50c97c5e6dc6e9be651e6ca09b/34eff746/RRY_Archdress.mp4?ts=1658991118&userId=usrJS3FPcjRWm5Vxo&cs=b5000f95c8a4416a, ",All good,All good,All good,1
Y2k cargo pants,"Low-rise digital cargo pants in u2k style as a symbol of the need to belong to a group with a similar views and the desire to stand out, to demonstrate one's own individuality. Trousers are complemented by naive infantile metal details which are the key elements in looks of this style. Let's play y2k aesthetics!",Karina Sharipova,"https://dl.airtable.com/.attachments/66f0dd4b4f466ea75e4b549c044a5c2e/ac11217e/cargo_pants.png?ts=1658991118&userId=usrJS3FPcjRWm5Vxo&cs=93acb15ce59ce3d5, ",All good,"https://dl.airtable.com/.attachments/f0609057abb8e5469580a280fed0e171/cb802c45/cargo_heart.mp4?ts=1658991118&userId=usrJS3FPcjRWm5Vxo&cs=a9d75aa8c8338370, ",All good,All good,All good,1
FÁBULA LONG SKIRT,"Plastic and metal melt and meet in this garment, giving shape to a new way of dressing, and  forming this long rubbery shining desperately wanted-to-be-touched skirt. This is a waxy look like piece, a low-waist skirt with a metal belt that twists sensually around the skin and has Eter’s signature logo.",ETER STUDIO,"https://dl.airtable.com/.attachments/87a51960b6e29a46ebfc622d2137623d/f0d931de/EterStudio_LongSkirt.png?ts=1658991121&userId=usrJS3FPcjRWm5Vxo&cs=085937455336e4d3, ",All good,"https://dl.airtable.com/.attachments/8e0f60fc4d51b23dcccee665d9b54dfa/75e0b219/EterStudio_LongSkirt.mp4?ts=1658991121&userId=usrJS3FPcjRWm5Vxo&cs=fc74383b14a0c8a7, ",All good,All good,All good,1
Soft Bubble Dress,Big and bubbly dress in therapeutic soft colors. Warm and cozy and protective. ,Digital Sigga,"https://dl.airtable.com/.attachments/a5d9bea017e7ef2067d755e6a6d87fa1/303cd175/SoftDresss.png?ts=1658991121&userId=usrJS3FPcjRWm5Vxo&cs=52cdead9cc676e4a, ",All good,"https://dl.airtable.com/.attachments/610a41ddf715e9e99a141b033b827ef8/b781dcca/SoftDresss360.mp4?ts=1658991121&userId=usrJS3FPcjRWm5Vxo&cs=47738f429d90cfa9, ",All good,All good,All good,1
Eclectic Jeans,"Flared jeans with a combination of different textures: laser printed denim and shiny satin with a camo-inspired digital print. The pants have iridescent ribbed flounces inserted in leg panels. The legs are cut into curved vertical panels, based on various inspirations such as anatomic shapes, active- and shape-wear, denim wear, even cowboy trousers.  The construction and inspirations are eclectic, coming from different types of trousers, as I am interested in merging seemingly opposing elements into a refined whole.
When creating this design I was interested in exploring the trouser as a functional garment (taking inspiration for various types of 'leg wear'). Since this is a piece for a digital wardrobe I wanted to create something that draws details from the real world, but in a digital world would gain a different significance, as the functionality aspect is ruled out.",Renata Rakossy,"https://dl.airtable.com/.attachments/ae86a4d36d191f295d0a87cbdd4d28f2/d8e5ba94/RRY_pantstransition.png?ts=1658991121&userId=usrJS3FPcjRWm5Vxo&cs=8bdca2d729473ac5, ",All good,"https://dl.airtable.com/.attachments/bbde3413b29b4d7f64c26969d6caea44/c1724c30/RRY_pants.mp4?ts=1658991121&userId=usrJS3FPcjRWm5Vxo&cs=6959a8083c477219, ",All good,All good,All good,1
SWEET MIX,A sweet and wild two pieces set ready to use in your out of this world days.,BURBUSH,"https://dl.airtable.com/.attachments/81347a83a8022514a07c147031be5716/2e85a901/SWEET_MIX_FRONT.png?ts=1658991121&userId=usrJS3FPcjRWm5Vxo&cs=c931d65c2a98c4e3, ",All good,"https://dl.airtable.com/.attachments/19c7d63dc8df669acfdf365f8b9f0740/1decbd8e/SWEET_MIX.mp4?ts=1658991121&userId=usrJS3FPcjRWm5Vxo&cs=dca288d7f70a560f, ",All good,All good,All good,1
Rusty Heavy Sleeve Dress,"The heavy burden. Rusty heavy sleeve, carried everywhere.  Anxiety. ",Digital Sigga,"https://dl.airtable.com/.attachments/dd4accf2c87b8ef0c1a1fdfef9c6b96c/016b58b3/LOOK1_0.png?ts=1658991121&userId=usrJS3FPcjRWm5Vxo&cs=507339cdfff755e6, ",All good,"https://dl.airtable.com/.attachments/3ca4de172e4ff65409814a7d22a03add/10d5abd1/RustyArmRIGHT.mov?ts=1658991121&userId=usrJS3FPcjRWm5Vxo&cs=6314122904aee8e4, ",All good,All good,All good,1
YEARZERO : COSMIC WARRIOR,"Inspired by Y2K futurism and retro sci-fi, We created a military uniform for space soldiers. The design considers both dreamy mood and wearability which aims to let Zero10 users experience imaginary costumes alongside the sense of realistic fashion items. ",SPACE KKABBI x POPOPO,"https://dl.airtable.com/.attachments/f5f4dd01c41eebd35d2b93aa12e55621/2f55e709/1.png?ts=1658991121&userId=usrJS3FPcjRWm5Vxo&cs=b4af5c56b548122b, ",All good,"https://dl.airtable.com/.attachments/682191380d88f7353354d36efe2c21ab/455d2e9e/1REDIR.mp4?ts=1658991121&userId=usrJS3FPcjRWm5Vxo&cs=9997bc6575723afb, ",All good,All good,All good,1
pacifier bib,Digital adult bib for jesting photo. ,Tatiana Korneeva @patcutclo,"https://dl.airtable.com/.attachments/664ff55a8611108cbe7854f5e15b1716/6e70d4ae/pacifierslyuni_0.png?ts=1658991121&userId=usrJS3FPcjRWm5Vxo&cs=645598bdce18159f, ",All good,"https://dl.airtable.com/.attachments/5315c82e6a4880ecadae654df6120b0d/5a708ee1/pacifierbib.mp4?ts=1658991121&userId=usrJS3FPcjRWm5Vxo&cs=829478c6f5bfff67, ",All good,All good,All good,1
Purple Iris Gown,"This outfit is inspired by the beauty of purple irises. The traditional meaning of irises is courage and fearlessness, and at the same time hope or solace.  For me personally, the flower also means fragility of life and relationships. ",Hanna Halkina,"https://dl.airtable.com/.attachments/a8ece48615ae0e191c31ce9d386044f6/2fc2cc30/HannaHalkina_IrisGown.png?ts=1658991121&userId=usrJS3FPcjRWm5Vxo&cs=a84e1b2b03b2b069, ",All good,"https://dl.airtable.com/.attachments/46d7a42b1d6a34cc65ac6cf188e9f9c0/50b2d24e/IrisGown.mp4?ts=1658991121&userId=usrJS3FPcjRWm5Vxo&cs=c3b5a6a9cb3fd873, ",All good,All good,All good,1
Amphora,"The Amphora digital dress is a representation of an ancient vase found on the bottom of the ocean. It has kept its legends for many millennia to be revealed to its discoverer. The Amphora dress is a symbiosis of the ancient Greek craft of ceramics, abstract art and digital fashion. The print you see is an abstract painting by a British artist, sculptor and writer Peter Bear. ",IANA,"https://dl.airtable.com/.attachments/f69e18f47d910153711a2ec65e6daaac/7c6cb3b1/AmphoraIANA.png?ts=1658991121&userId=usrJS3FPcjRWm5Vxo&cs=87fe1e8581e033ef, ",All good,"https://dl.airtable.com/.attachments/d2f2092bd5bf463ec5e3f52ddb58aa8b/5c3808f1/AmphoraIana.mp4?ts=1658991121&userId=usrJS3FPcjRWm5Vxo&cs=52de61715f049d1c, ",All good,All good,All good,1
ASTRA-Mantle,Mantle-poncho with a collar. Along the edge of the fabric and on the collar are the famous Latin sayings in the Gothic style,Eugene Lemeshko,"https://dl.airtable.com/.attachments/90053d888897bd61a2545ce25e8e3108/a61494c5/ponchorender.png?ts=1658991121&userId=usrJS3FPcjRWm5Vxo&cs=298ee4c6c3a449e6, ",All good,"https://dl.airtable.com/.attachments/9f79b8ed4b41b064b31cdcb8c256c37a/94d19b14/poncho_new.mp4?ts=1658991121&userId=usrJS3FPcjRWm5Vxo&cs=5bf79f4519367701, ",All good,All good,All good,1
Berghain fishing net skirt,"Garment developed from the desire to propose an aggressive look but with an elegant fit. Like you have to go to Berghain but first you have dinner with relatives.
Genderless, if you like it, you can wear it.",Andrea Lolato,"https://dl.airtable.com/.attachments/60345fd720db0b997a309b64485f30bd/6b9c73e2/GONNANET.png?ts=1658991121&userId=usrJS3FPcjRWm5Vxo&cs=dd2eeaa8eb601174, ",All good,"https://dl.airtable.com/.attachments/8acf322ba3913a4865384bc6a52f839c/cb3d4e3e/GONNANET_0.mp4?ts=1658991121&userId=usrJS3FPcjRWm5Vxo&cs=531809be4ef33287, ",All good,All good,All good,1
Look 2 “Dionaea”,"Showing clothes as an independent object is always important to me as an artist.  Bright color, gradient, complex design tell more things about hard character.  The complex form simultaneously protects, but also calls for action.",ANICONIC,"https://dl.airtable.com/.attachments/931f97e37950fce70d7847fb41da779f/33613d70/look1_AN_Custom_View_1.png?ts=1658991121&userId=usrJS3FPcjRWm5Vxo&cs=bbedc78e24f858dc, ",All good,"https://dl.airtable.com/.attachments/0e1deae9c98e6bae62b3ec2e74669442/43130850/look2.mov?ts=1658991121&userId=usrJS3FPcjRWm5Vxo&cs=abdbe672166d0161, ",All good,All good,All good,1
Chladni top,"The design of garments was built on the idea of healing sounds. The Chladni plates (the visualization of sound vibrations) provide a therapeutic effect on the human body. The prints for the collection refer to images of the plate's surface and motion between various frequency values. Sooner or later, fashion tech specialists will create ""healing garments"" for daily use to make people calm down during anxiety, but now it's just a fantasy of the future of techwear.",Anastasia Balabanova,"https://dl.airtable.com/.attachments/4051c95c790c4f0504140ccf9b0b4132/29d61649/chladni_top.png?ts=1658991121&userId=usrJS3FPcjRWm5Vxo&cs=b51617bb10bd565c, ",All good,"https://dl.airtable.com/.attachments/f6bad609b26b685a555039d2dc5f0601/dce18afb/topmen_2507_hevc_compressed.mp4?ts=1658991121&userId=usrJS3FPcjRWm5Vxo&cs=612326b68ac99d52, ",All good,All good,All good,1
REset.,"REset is a piece of a collection inspired by the Tokyo Street style. A combination of fabric textures and colors, led by the art of @miancoArt merge creating this unique piece of an oversize vest.",flors_base9.one,"https://dl.airtable.com/.attachments/e40de2e8c4a6a8bd1f741a68d359182a/1f7db90d/2000x2000.png?ts=1658991121&userId=usrJS3FPcjRWm5Vxo&cs=898877abfa08cc71, ",All good,"https://dl.airtable.com/.attachments/9daab9d72d3eba2967246ab80bf12b70/02c9dbf1/REset_360video.mp4?ts=1658991121&userId=usrJS3FPcjRWm5Vxo&cs=ac0cef3166c3ca5f, ",All good,All good,All good,1
Pope gonna rave,These pants are definitely inspired Black Sabbath and that era. I imagined that Pope also wanted to hang out one day a year!,Gabriel Ferolla,"https://dl.airtable.com/.attachments/e646d74459a9ddc699810a81346795bc/d55cbf73/PP_Preview.png?ts=1658991121&userId=usrJS3FPcjRWm5Vxo&cs=d9859d06b69b6c79, ",All good,"https://dl.airtable.com/.attachments/12040f3fc7dbd737cf99972a9e65ad85/634ad531/PP_360_Preview.mp4?ts=1658991121&userId=usrJS3FPcjRWm5Vxo&cs=bc8fc2fa29b61902, ",All good,All good,All good,1
Based on Dominion,The source of inspiration for the creation of pants is the work of architect Zaha Hadid.  The material and shape of the pants were chosen based on the motifs of futuristic architecture. The basic principle of shaping in this project is the folds that emphasize the glaring material.,regul_art_,"https://dl.airtable.com/.attachments/94b5523d99725d94fcb98ffcbe9d93a9/54583d8b/regul_art_1.png?ts=1658991121&userId=usrJS3FPcjRWm5Vxo&cs=2f0a74a7c7b7079f, ",All good,"https://dl.airtable.com/.attachments/3ddb9f51e83779b525aefc63c87658f5/45d7a4bb/regul_art_animation1.mp4?ts=1658991121&userId=usrJS3FPcjRWm5Vxo&cs=eb48a5233e302fb4, ",All good,All good,All good,1
Signature Sleeve Bodysuit,"Strong, sensual, opulent: this piece combines a sharp construction with a soft, air-brushed print. The colors enhance the sculputural shape and emphasize the dynamic seamlines. The biker shorts repeat this style but in an intarsia knit.",Taskin Goec,"https://dl.airtable.com/.attachments/c7215b7a84be6ef726c8264255b3d81e/21033fae/HiResPreview.png?ts=1658991121&userId=usrJS3FPcjRWm5Vxo&cs=defce6587b9ce696, ",All good,"https://dl.airtable.com/.attachments/44792b7bb7328160f7570a50cf1afa15/5c67c859/360.mp4?ts=1658991121&userId=usrJS3FPcjRWm5Vxo&cs=a12538794c5e86f9, ",All good,All good,All good,1
Day&Night,"I remember when I was little, and my mother used to cover our sofa with a beautiful hand-embroidered blanket depicting a radiant sun, in very bright colors.
The thing I loved most was turning the blanket and being amazed every single time, as the opposite side changed in appearance and color.
Seen through the eyes of a child, it could only be a magical blanket.
So, inspired by this childhood memory, I tried to recreate that magical feeling, with a design that hid a second truth. 
Front and back,
Day and Night.",rayodelux,"https://dl.airtable.com/.attachments/eb073366cb71ba1ebd46d4bb6b4d4f6b/42774941/Day.png?ts=1658991121&userId=usrJS3FPcjRWm5Vxo&cs=4789e14432dd990c, ",All good,"https://dl.airtable.com/.attachments/5a549c0bd5334f02e9339971528154f8/62703954/DayNight_MP4.mp4?ts=1658991121&userId=usrJS3FPcjRWm5Vxo&cs=91c0134869daddfb, ",All good,All good,All good,1
SPACE GUM dress,"This dress is made from assembled pieces of the universe. Belong to nowhere, home is in your mind!",BURBUSH ,"https://dl.airtable.com/.attachments/b71556ba1e3a93f16a0d1509ea581a6d/3b8581fa/Space_Gum_front.png?ts=1658991121&userId=usrJS3FPcjRWm5Vxo&cs=193e551bb1b71df0, ",All good,"https://dl.airtable.com/.attachments/c26dd2d2a132295127edd53cafa5de5e/c1ae92ef/Space_gum_dress_.mp4?ts=1658991121&userId=usrJS3FPcjRWm5Vxo&cs=84dfb638b55a6fc5, ",All good,All good,All good,1
“Burning For You” Dress,"“Burning For You” Dress envisions a future where fashion transcends the physical body or an event in the real world where our digital identities permeate our individual lifestyles to become the new reality.

“Burning For You” dives down into the terrorism and genocide that is taking place nowadays in Ukraine. The aggressive war Russia is doing toward the independent sovereign state is a crime to talk about. The future of this communication is here, in this dress to try on. 
",Anastasiia Hrachova,"https://dl.airtable.com/.attachments/428c48e690a595ff2929f2b5c88f71d5/4b66bf63/burning-for-you_fire_front.png?ts=1658991121&userId=usrJS3FPcjRWm5Vxo&cs=8d729d3549083655, ",All good,"https://dl.airtable.com/.attachments/1af17123ff3533e43c417dfd8259911b/c819e396/Burning_for_you_Dress_360_vodeo_720_1080.mp4?ts=1658991121&userId=usrJS3FPcjRWm5Vxo&cs=b6aad7a8f86999e5, ",All good,All good,All good,1
Dragon Dress,"Dress of a form-fitting silhouette. Floor length. Long sleeve, pointed shoulder. The upper part of the dress is designed as a half bolero with three non-functional buttons. The lower part of the dress is a bell skirt. Dress made of dense material under the skin of a crocodile, skirt inserts made of printed silk.",Olha Bienkovych,"https://dl.airtable.com/.attachments/70c99f3da0432a6a695380d807e2081e/5eca929d/Dragon_Dress_1.png?ts=1658991121&userId=usrJS3FPcjRWm5Vxo&cs=ed7d253ae8aa43eb, ",All good,"https://dl.airtable.com/.attachments/6192e49c804e4e223dffb1cb92b70548/73291ca9/dd2.mp4?ts=1658991121&userId=usrJS3FPcjRWm5Vxo&cs=4a369d0a67b4d465, ",All good,All good,All good,1
babozka,"Butterfly dress. Any girl wants to look airy, romantic and the most beautiful, like a butterfly at sunset.",oxsa_lewk,"https://dl.airtable.com/.attachments/47006057217e36971f85cb44bfe8c625/e07832bf/baboz2.png?ts=1658991121&userId=usrJS3FPcjRWm5Vxo&cs=9c68da41e0240529, ",All good,"https://dl.airtable.com/.attachments/acfaa0d285edd4cf3ec3900f0bd13b84/a2c1fa55/babozka.mp4?ts=1658991121&userId=usrJS3FPcjRWm5Vxo&cs=a8bcf52eb52ae308, ",All good,All good,All good,1
Cropped armor jacket,"Cropped armor jacket is a signature piece of the 19G brand, reflecting a key concept. Clothing as a symbol of protection of the individual, intangible values, morality, which is expressed through metal and rough textures. Recalling that the outer must protect the inner, which is the most valuable.","Gladilova Olga, 19G","https://dl.airtable.com/.attachments/4cfb3f0139201bf7b577c7d82d91b9c1/3cc32775/croppedarmorjacket.png?ts=1658991121&userId=usrJS3FPcjRWm5Vxo&cs=2359fcfd07727fbb, ",All good,"https://dl.airtable.com/.attachments/b41ce2dcaa743f4a9cdea25482e28cac/337334c5/croppedjacketvideocode.mp4?ts=1658991121&userId=usrJS3FPcjRWm5Vxo&cs=e5affc677e69c675, ",All good,All good,All good,1
Gilese 581,"The costume is inspired by Gilese 581. It is one of the 100 closest stars to the solar system, this star is called red dwarf and is located 20.5 light years from planet Earth. ",Andrea Banda ,"https://dl.airtable.com/.attachments/ae735c8b88bd7f848849ec6062fe05ac/ce13c10a/andreabanda_imagen.png?ts=1658991121&userId=usrJS3FPcjRWm5Vxo&cs=ef6dc0db5f301842, ",All good,"https://dl.airtable.com/.attachments/5fa3598de17e93962810d48128c8a2cb/b66a4787/video_30fps_andreabanda.mp4?ts=1658991121&userId=usrJS3FPcjRWm5Vxo&cs=db909026699ad36b, ",All good,All good,All good,1
Rewind: Nature Dress,"In ""Rewind"" series the author explores the topic of pollution and the need to reverse our process of slow self-destruction by marrying the concepts of progress and innovation with the idea of turning back to nature.",Inverse,"https://dl.airtable.com/.attachments/33a8baf80a88972d1ed1c252b0579240/a0ee2326/Inverse_NatureDress.png?ts=1658991121&userId=usrJS3FPcjRWm5Vxo&cs=5e253fbe5745633d, ",All good,"https://dl.airtable.com/.attachments/80a415bfbf9f4e87d53b922699c93929/612a233e/Inverse_NatureDress.mp4?ts=1658991121&userId=usrJS3FPcjRWm5Vxo&cs=adef0bcdda04ff22, ",All good,All good,All good,1
Latex Bodycon Dress,"This bodycon dress is part of a collection paying homage to the queen of all colors: black. Achieving variation through different materials, surface characteristics and silhouettes is a significant part of the design process.
This tight fitted dress is made of textured latex and has a full zip on the back.
",Esther Wenzlik,"https://dl.airtable.com/.attachments/00d5250a716aad260516618b61702d58/5be98fca/LatexBodyconDress_Image.png?ts=1658991121&userId=usrJS3FPcjRWm5Vxo&cs=db2a1d44431d7f0c, ",All good,"https://dl.airtable.com/.attachments/043ef260204ec4d36bf3d564e6975df6/19b4383a/LatexBodyconDress_Video.mp4?ts=1658991121&userId=usrJS3FPcjRWm5Vxo&cs=85138913c08412d7, ",All good,All good,All good,1
Pacifier romper,"Digital adult romper  with print: ""pacifier"" - So funny look can back to infancy and present funny mood",Tatiana Korneeva @Putcutclo ,"https://dl.airtable.com/.attachments/81e3e7b0c5b169c858579f88d336ac63/55c17706/pacifier_romper_0.png?ts=1658991121&userId=usrJS3FPcjRWm5Vxo&cs=496cece05e00cf41, ",All good,"https://dl.airtable.com/.attachments/9bac12805093de1865d35b11a9f82475/0fad141c/pacifierromper.mp4?ts=1658991121&userId=usrJS3FPcjRWm5Vxo&cs=df3bbfb7f41d30c8, ",All good,All good,All good,1
ZERO_TOP,ZERO is an edgy but casual spin on puffer-wear that draws Inspiration from retro anime and space suits; an iridescent and hydrophobic fit for the modern introvert. Pants have in-built programmable LED displays. You can't drown in this drip.,EZZYLAND,"https://dl.airtable.com/.attachments/0f4e12272402add89489f651625597bd/790a521a/zero_top_2k_post.png?ts=1658991121&userId=usrJS3FPcjRWm5Vxo&cs=85723fc51cfc5720, ",All good,"https://dl.airtable.com/.attachments/eafec43f6c48884f7b5009c93bd43983/4df0a1c0/zero_top.mp4?ts=1658991121&userId=usrJS3FPcjRWm5Vxo&cs=41eae92d78a7e14d, ",All good,All good,All good,1
Light Parka,"A lot of my designs are focused on bringing the digital and the natural together. In this case I my starting point was in the ethereal beauty of the shadows of plants in the wind. I found it fascinating how it contrasts with the way we view digital images, where we are able to see digital images through the light our screens emit, we can see these projections of plants by the absence of that light. The garments themselves are transparent in a purposefully artificial way to let the natural but digitised light shine from withing them.  ",Non Fungible Clothing,"https://dl.airtable.com/.attachments/4d5918ba876a352a73dfe8a3a335a398/4f80d765/ParkaFinal.png?ts=1658991121&userId=usrJS3FPcjRWm5Vxo&cs=5584081edaca97e6, ",All good,"https://dl.airtable.com/.attachments/913c30dd53e41e77b70b110ee2298bc7/ca0ae45f/RenderParkaFinal.mp4?ts=1658991121&userId=usrJS3FPcjRWm5Vxo&cs=ecfb92aeda80cd44, ",All good,All good,All good,1
Light Dress,"A lot of my designs are focused on bringing the digital and the natural together. In this case I my starting point was in the ethereal beauty of the shadows of plants in the wind. I found it fascinating how it contrasts with the way we view digital images, where we are able to see digital images through the light our screens emit, we can see these projections of plants by the absence of that light. The garments themselves are transparent in a purposefully artificial way to let the natural but digitised light shine from withing them.  ",Non Fungible Clothing,"https://dl.airtable.com/.attachments/c7f7bbf996ae4575a009f289573858cc/2b947de2/DressFinal.png?ts=1658991121&userId=usrJS3FPcjRWm5Vxo&cs=1969d2e86bc87a2e, ",All good,"https://dl.airtable.com/.attachments/f57d23bf36f4271de7f1cde91016c0b3/cc95bd39/renderdressFinal.mp4?ts=1658991121&userId=usrJS3FPcjRWm5Vxo&cs=d1b37895af9144b7, ",All good,All good,All good,1
Dermis Jacket,"The jacket is designed to symbolise our use of language related to being human, though in a very digital space. We use the term ""skin"" to describe our digital avatars, when our skin is much more than simply our covering layer, it is our gateway of sensory interaction. This piece attempts to show skin being encapsulated in a stylised graphic pattern, reminiscent of computer chips.",AugenWurm,"https://dl.airtable.com/.attachments/eec6e9448655354243f6952a05592d09/b44cdf35/highResStill.png?ts=1658991121&userId=usrJS3FPcjRWm5Vxo&cs=909c82d10b6bb48d, ",All good,"https://dl.airtable.com/.attachments/df001e33ea9f0fe4a69b692a39347994/cc228442/rotating_clockwise_1.mp4?ts=1658991121&userId=usrJS3FPcjRWm5Vxo&cs=11e00bbb96c43f4b, ",All good,All good,All good,1
Embroidered gown with gloves,"Fitted corset. Draped skirt clinging to the sides layered over lace trousers. The look is made up of chiffon embroidered with lace cutouts and organic metallic shapes embedded in the lace.
I was interested in making creative textiles in 3D and working with lots of embroidery and drapery. I drew inspiration from Vivienne Westwood bridal wear and alexander McQueen's spring 2012 lace masks.",Nile Guiraud,"https://dl.airtable.com/.attachments/e10bfec05ece7ee39fafc2600d35033c/6915e6df/zero10.png?ts=1658991121&userId=usrJS3FPcjRWm5Vxo&cs=a7c1d0bfe2837df4, ",All good,"https://dl.airtable.com/.attachments/95d31fcf1f554b72cedc8fdb7a2eca8d/82cab119/zero10_vid.mp4?ts=1658991121&userId=usrJS3FPcjRWm5Vxo&cs=767dbdbe4d39bc0b, ",All good,All good,All good,1
Silky Camo Bomber,"A bomber jacket with a combination of different textures: laser printed denim and shiny satin with a camo-inspired digital print. The jacket has an iridescent rib collar in the front that follows along the sleeves as a flounce structure.
I am interested in merging seemingly opposing elements into a refined whole and enjoy exploring creative pattern transformations. When creating this design I was exploring the functionality and history of the bomber jacket (also named as flight jacket, therefor the ribbed flounces suggesting the idea of wings) as a functional clothing piece in aviation -  given the current global context of war. While the colors and textures are completely opposing to the idea of army clothing: bright colors, iridescent, shiny textures.",Renata Rakossy,"https://dl.airtable.com/.attachments/9f6ebba80067bd5e617d122628500142/78fb5c68/RRY_bombermask.png?ts=1658991121&userId=usrJS3FPcjRWm5Vxo&cs=e36392ec0c244bf6, ",All good,"https://dl.airtable.com/.attachments/a9576c51828a8b79acabad2ceb105077/61cdc3a7/RRY_bomberjckt.mp4?ts=1658991121&userId=usrJS3FPcjRWm5Vxo&cs=c2eac111d5e0127b, ",All good,All good,All good,1
CYBER TUXEDO PANTS,Future tuxedo,syxelll,"https://dl.airtable.com/.attachments/951fcf3553da0bf6089539e443700840/4cbf3b00/shtani.png?ts=1658991121&userId=usrJS3FPcjRWm5Vxo&cs=cd3b8409346e0d7b, ",All good,"https://dl.airtable.com/.attachments/bbcad610395500b08c4975a7393a9295/9388e37f/shtanihevc.mp4?ts=1658991121&userId=usrJS3FPcjRWm5Vxo&cs=965e77818818d583, ",All good,All good,All good,1
Mafia Girlboss,"A black leather dress with a boning top, and a chiffon detail on the shoulders. Gives the vibes of a girl go-getter, a girl who knows what she wants and she's not afraid to take it. A mafia girl-boss. ",Mariam Khaled,"https://dl.airtable.com/.attachments/51e58f6aa9214e7a90aa4d9d885bc7be/a50105f6/MAfia_2.png?ts=1658991121&userId=usrJS3FPcjRWm5Vxo&cs=c0c3918b7b83044d, ",All good,"https://dl.airtable.com/.attachments/0bf8ce2bc619866856bddd6890858f29/11f40493/360resub.mp4?ts=1658991121&userId=usrJS3FPcjRWm5Vxo&cs=bbf746f5af1cde12, ",All good,All good,All good,1
Iridescence dress ,"Particles, like pollen, are flying around the body. The iridescence effect gives freshness to the classic silhouette of this dress.",Jelizaveta Hagleitner,"https://dl.airtable.com/.attachments/c662dc02225a85164c73e4dc1c87092d/0f9c8f59/shirt_dress.png?ts=1658991124&userId=usrJS3FPcjRWm5Vxo&cs=76e5234c544d818f, ",All good,"https://dl.airtable.com/.attachments/75e287ee96fd521378de80b384c56471/127b5de1/shirtdress_hevc_compressed.mp4?ts=1658991124&userId=usrJS3FPcjRWm5Vxo&cs=715254f6899228c9, ",All good,All good,All good,1
Glowing Aqua-wiggles,"Like a lively, bubbly, and mysterious  aquatic creature roaming in the deep ocean, the indigo glow is flowing all over the veins with the breath.",shiu_studio,"https://dl.airtable.com/.attachments/95892734be15ae6f49b09f9b4b52adc4/e207d57b/_Glowing-Aqua--Wiggle--shiu_studio.png?ts=1658991124&userId=usrJS3FPcjRWm5Vxo&cs=4b6ae402b7a23477, ",All good,"https://dl.airtable.com/.attachments/47de9b515684a9e23f49f6784120cf82/8335c300/GlowingAqua-Wiggle--shiu_studio-turntable.mp4?ts=1658991124&userId=usrJS3FPcjRWm5Vxo&cs=07e86deb49eaa3c3, ",All good,All good,All good,1
"Skirt ""Obsidian""","The source of inspiration when designing the skirt was the structural geometry of the natural form - volcanic glass. The draperies of the skirt repeat the outlines of the obsidian shape, and the matte and glossy elements imitate the textures of natural stone.",regul_art_,"https://dl.airtable.com/.attachments/2d571f9c8dbe708657badfd701b406da/80b56bf5/regul_art_3.png?ts=1658991124&userId=usrJS3FPcjRWm5Vxo&cs=72233ff01820f731, ",All good,"https://dl.airtable.com/.attachments/d9150a0b7d73132a8a8cce63e94ccf94/70c8b376/regul_art_animation3.mp4?ts=1658991124&userId=usrJS3FPcjRWm5Vxo&cs=7c068195542c93ca, ",All good,All good,All good,1
The Matrix dress,"The Matrix dress is about the technologies. Unusual materials and elements make it possible to delve into technology and ""feel"" the texture of clothing, as well as to get closer to the future. This dress is available in two colors.",Nansy Malkova ( @meta.cloverse),"https://dl.airtable.com/.attachments/b610b82976e629514805731bae51d27e/f88fb924/Transition.png?ts=1658991124&userId=usrJS3FPcjRWm5Vxo&cs=ae8c0035271421c4, ",All good,"https://dl.airtable.com/.attachments/ef3b3954bffb0a47995d567f9ae2ea0d/0f417c58/MatrixDress_2.mp4?ts=1658991124&userId=usrJS3FPcjRWm5Vxo&cs=6932c9d7230fe908, ",All good,All good,All good,1
Mars,"The down jacket was created as a part of collection ""Planet Parade"". Mars is closely tied to the war in mass culture. This is why the look was inspired by Japanese traditional armor, Evangelion mechas and many other militaristic symbols.",ITSALIVE,"https://dl.airtable.com/.attachments/17de22a859614302c3816c994cb1c830/853df9ee/Itsalive_Mars.png?ts=1658991124&userId=usrJS3FPcjRWm5Vxo&cs=d41c8860833ab88c, ",All good,"https://dl.airtable.com/.attachments/ac87acb0ccd55ecbabd833f4ee8a0a70/85ea34c7/Itsalive_Mars.mp4?ts=1658991124&userId=usrJS3FPcjRWm5Vxo&cs=50c1e5261451338f, ",All good,All good,All good,1
trendy wide leg jeans with suspenders,I like to learn new fashion trends and try to use everything new and interesting in my work. The combination of a short top and tight short shorts with rough wide irregularly shaped jeans seemed very interesting to me.,Dina Kravchenko,"https://dl.airtable.com/.attachments/7edd83806afa53d1cd7832b31a36499c/cba2f1c6/trendyjeans22.png?ts=1658991124&userId=usrJS3FPcjRWm5Vxo&cs=04692335fb52b461, ",All good,"https://dl.airtable.com/.attachments/a9a38d45192b70a8338c06dbf52ba8b6/9abb57e4/trendyjeans1dina.mp4?ts=1658991124&userId=usrJS3FPcjRWm5Vxo&cs=3b2bdf73273b7196, ",All good,All good,All good,1
red-hot lava,The main idea is a creation of second skin for the soul - really passionate and full of life. Digital fashion let us fantasize about different shapes of our body and emotions that are raging inside. My work is an expression of inner fire.,zaguz_in_digital,"https://dl.airtable.com/.attachments/68513941dd1849cd0b7c742d583b7d40/f6face4c/zerodone.png?ts=1658991124&userId=usrJS3FPcjRWm5Vxo&cs=0f40f8bd45f92f4f, ",All good,"https://dl.airtable.com/.attachments/852454ef18e105e06160f1a304099683/2f27ffbd/zerodone0000-0150.mp4?ts=1658991124&userId=usrJS3FPcjRWm5Vxo&cs=acab372b438cf3c1, ",All good,All good,All good,1
pixpuh,Windbreaker - down jacket for any weather. Summer in the morning and winter in the evening. You never know what will happen in your life during the day.,oxsa_lewk,"https://dl.airtable.com/.attachments/0ebeb202d60be21344515c5068396a46/0eafe703/puhiz2.png?ts=1658991124&userId=usrJS3FPcjRWm5Vxo&cs=8b103207be866d64, ",All good,"https://dl.airtable.com/.attachments/e2f7ae4fce48d504f6d6b73ea1933c97/bd58700d/puhiz.mp4?ts=1658991124&userId=usrJS3FPcjRWm5Vxo&cs=46e6c8f7efc80536, ",All good,All good,All good,1
Purple Top Soft Pants,"Therapeutic soft light and straight flare fabric pants, with messy dark knotted bubble stiff top.  Yin and Yang. Soft and Strong. ",Digital Sigga,"https://dl.airtable.com/.attachments/0664f320fce09cf41aaa782f4ff2cf17/331d4c23/PurpletopSoftpabts.png?ts=1658991124&userId=usrJS3FPcjRWm5Vxo&cs=2fba04226a105d34, ",All good,"https://dl.airtable.com/.attachments/c1b68a38ab3a9bff79e4f3a958aec4a8/56dfebe9/SoftPants360.mp4?ts=1658991124&userId=usrJS3FPcjRWm5Vxo&cs=be2143e07962ca01, ",All good,All good,All good,1
Zero Waste Cape,"This cape is a so far only digital garment that was inspired by ZeroWaste. Zero Waste is a method to completely consume the material without leaving 
any excess. Although regarding sustainability it‘s not the non plus 
ultra, but one brick in the sustainable philosophy. This cape means 
protection, modern construction, utility, transformation and 
flexibilty. The fit is based on principles of dressmaking, high quality, 
trendresearch and perfection in tailoring. 
Colour: Off-black, Enye-Tech-Green, Hyper-lilac
Digital material: Raw-denim, Heavy grain leather, Cotton stretch 
material
Sizes: Available in every size",ENYE,"https://dl.airtable.com/.attachments/33deb7bfc87a14cf11ae7af161ac02b7/2341b406/staticpngZeroWasteCapeENYE.png?ts=1658991124&userId=usrJS3FPcjRWm5Vxo&cs=24b15bd2bda94a75, ",All good,"https://dl.airtable.com/.attachments/3c93b0bbc35e15179bae0c1171edb751/0a5c029a/ZerowastecapeEnyeTurntable30Fps150Frames.m4v?ts=1658991124&userId=usrJS3FPcjRWm5Vxo&cs=bfe1d368990dc6ab, ",All good,All good,All good,1
Chladni shirt,"The design of garments was built on the idea of healing sounds. The Chladni plates (the visualization of sound vibrations) provide a therapeutic effect on the human body. The prints for the collection refer to images of the plate's surface and motion between various frequency values. Sooner or later, fashion tech specialists will create ""healing garments"" for daily use to make people calm down during anxiety, but now it's just a fantasy of the future of techwear.",Anastasia Balabanova,"https://dl.airtable.com/.attachments/7187889ca4203ba080fbd9a8401bd36d/f16da10f/chladni_shirt.png?ts=1658991124&userId=usrJS3FPcjRWm5Vxo&cs=ff730a0d8983d506, ",All good,"https://dl.airtable.com/.attachments/5f55f9621f374cb4d700b6d5ff881183/64bf0636/chladni_shirt_hevc_compressed.mp4?ts=1658991124&userId=usrJS3FPcjRWm5Vxo&cs=6675ae819a9fa0ee, ",All good,All good,All good,1
Mercury dress,"A dress in case you feel radiant, liquid and slightly toxic",KAI KAI,"https://dl.airtable.com/.attachments/e008b910859566b990109799691db474/98c37beb/frontview.png?ts=1658991124&userId=usrJS3FPcjRWm5Vxo&cs=4890ec004b2e9398, ",All good,"https://dl.airtable.com/.attachments/95eddba66f1a1e7cf8ceeb624b52af78/ab7b4ea1/blackglassdresshevc.mp4?ts=1658991124&userId=usrJS3FPcjRWm5Vxo&cs=fa37f77d63f0df71, ",All good,All good,All good,1
Dew Dress,The pale lagoon green color and the delicate folds of the Dew Dress draw inspiration from the serene image of morning dew. The dress encapsulates both the freshness of dawn and the intricate curves of dew droplets.,ILONA SONG,"https://dl.airtable.com/.attachments/b735fac0ab22783c85f7551704bd5c89/8267b0b9/QUEEN_OF_SPADES_GREEN_FRONT.png?ts=1658991124&userId=usrJS3FPcjRWm5Vxo&cs=0ab649866f4d3836, ",All good,"https://dl.airtable.com/.attachments/f98c359dc2ad393cf1fc88462b397eb1/4ee5729b/QUEEN_OF_SPADES.mp4?ts=1658991124&userId=usrJS3FPcjRWm5Vxo&cs=5605cf23f286ee88, ",All good,All good,All good,1
Alien's Eye,I was inspired by extraterrestrial life forms and I created something alien and fantastic. This item is from completely different planet.,Lenushka_3D,"https://dl.airtable.com/.attachments/6cf30564a0c8881730a3953cf2d10712/15489b65/preview.png?ts=1658991124&userId=usrJS3FPcjRWm5Vxo&cs=705ce661131b3990, ",All good,"https://dl.airtable.com/.attachments/65385a1bf8278b4cc128e1a6116b846f/bf9b5636/360_preview1.mp4?ts=1658991124&userId=usrJS3FPcjRWm5Vxo&cs=84553d150880c9ec, ",All good,All good,All good,1
ABY SUIT,FASHION&TECH IN A FANTASTIC OUTFIT. This is a look all about connections and information encripted in this amazing texture. Do you want to find it out? Wear it! Connect with it! Share your history and let this information to be saved and registered between materials and colors. ,FANTASTIC 3D FASHION BY GIOVANNA MARÇALLO THEREZA,"https://dl.airtable.com/.attachments/61be554bdde42f19287e473daaeb3fda/be00dfe7/07ABYSUIT1.png?ts=1658991124&userId=usrJS3FPcjRWm5Vxo&cs=1063108559204715, ",All good,"https://dl.airtable.com/.attachments/5513492dc8232ee42b51bb48dc0f5ab7/36454de1/07ABYSUIT_new.mp4?ts=1658991124&userId=usrJS3FPcjRWm5Vxo&cs=bc62285f73d907bc, ",All good,All good,All good,1
Betta Fish,"Betta Fish is a dress inspired by the colors, pleated fins, and flowy body of the Betta fish. I added my signature touch, the gold details, to add a fancy element to the dress. ",Mariam Khaled,"https://dl.airtable.com/.attachments/fa075855625066072d085840675ef1e8/8a8721e1/Bettafish_1.png?ts=1658991124&userId=usrJS3FPcjRWm5Vxo&cs=429e0c199d30711b, ",All good,"https://dl.airtable.com/.attachments/ecdf67213b1941c3cd5c17548620b2bf/79c62590/vid.mp4?ts=1658991124&userId=usrJS3FPcjRWm5Vxo&cs=ee6e1685dd206cf1, ",All good,All good,All good,1
Look “Dionaea”,"Showing clothes as an independent object is always important to me as an artist.  Bright color, gradient, complex design tell more things about hard character.  The complex form simultaneously protects, but also calls for action.",ANICONIC,"https://dl.airtable.com/.attachments/96d56b280397f9e7e15031d66194fac3/f84f70d6/LOOK7_2_Custom_View_1_1.png?ts=1658991124&userId=usrJS3FPcjRWm5Vxo&cs=06c171ee2ba9fcaa, ",All good,"https://dl.airtable.com/.attachments/18a68988a1ff9cd3b1aabc57c944b6b9/6e454424/look1.mov?ts=1658991124&userId=usrJS3FPcjRWm5Vxo&cs=90d642828521d083, ",All good,All good,All good,1
GEN DRESS,"Genesis and Genetics are two words for which the dress's name was born.
We are living in an era where human beings need to re-connect with their beginning, with nature, and feel it as part of their DNA if they want to continue living in this world.
The dress represents this new form of life, a balanced fusion of organic shapes and different materials (especially organic silk) layering and overlapping in harmony.
The colors contrast in order to represent the never-ending cycle of life and passing of time, vibrant and muted, new and old, origins and tradition in balance with new ways and contemporary visions.",Sebastian Ruelas,"https://dl.airtable.com/.attachments/26609c4b31c471e067e60de4eee70fb5/1aac74f6/DRESS2000.png?ts=1658991124&userId=usrJS3FPcjRWm5Vxo&cs=a0d3b59f8784769f, ",All good,"https://dl.airtable.com/.attachments/ef2816097df6bf5668aa5e7363dfb27e/5840211c/2_0.mp4?ts=1658991124&userId=usrJS3FPcjRWm5Vxo&cs=515c71c1f8541f43, ",All good,All good,All good,1
Totem Bomber Jacket ,"The idea behind this garment was to create something that can mix the simplicity of a bomber jacket with a complex and appealing design. The colors I have chosen have the
purpose to recall hot places in contrast to the classic use of a bomber jacket to fight the cold.
The design aims to stimulate the imagination of the wearer giving him total control over what he sees in the shapes of the jacket.
I choose to develop this garment in 3D because realize it in real live could be very expensive but I still wanted to evaluate the impact of such design on the public.",Alison Gadaleta,"https://dl.airtable.com/.attachments/ebabf678de5c3a12d7dbc78c4f69e302/fe2fa7c2/2k_front_totem_bomber_jacket.png?ts=1658991124&userId=usrJS3FPcjRWm5Vxo&cs=8f498357236e3158, ",All good,"https://dl.airtable.com/.attachments/0fbd3a378835c2edc97117b5a375a8be/24ac310d/360_totem_bomber_jacket.mp4?ts=1658991124&userId=usrJS3FPcjRWm5Vxo&cs=caad20fb218d9795, ",All good,All good,All good,1
Latex carrot,"Do you want a sweet carrot?

From: A.D.A. (digital  atelier)",Papuga Lab,"https://dl.airtable.com/.attachments/58bd8a450188b05033c52b337404593e/b8cf3cc3/Z10.png?ts=1658991124&userId=usrJS3FPcjRWm5Vxo&cs=764f2bd76713cee1, ",All good,"https://dl.airtable.com/.attachments/4eb12435312bf185de5241e3505ea2f3/1b65d0ea/VIDOMORKOVKA0001-0150.hevc.mp4?ts=1658991124&userId=usrJS3FPcjRWm5Vxo&cs=75f51a3546565df7, ",All good,All good,All good,1
Pacifier sleepers,"Digital adult sleepers overalls with print: ""pacifier"" can back to childrenhood and present funny mood",Tatiana Korneeva @Putcutclo ,"https://dl.airtable.com/.attachments/6c1e297741d59b5baea9e637f7151e85/a00d0d15/pacifier_sleepers_0.png?ts=1658991124&userId=usrJS3FPcjRWm5Vxo&cs=0e851d6374736b3d, ",All good,"https://dl.airtable.com/.attachments/916335724bd4ba3c6f277397749996ba/047cb9bf/pacifiersleepers2.mp4?ts=1658991124&userId=usrJS3FPcjRWm5Vxo&cs=04a662572ec7e675, ",All good,All good,All good,1
Puff-hem dress,"A green-pink dress with a puffy hem that allows you not to languish in the summer, and if it gets colder, you can even sit on the cold steps.",Natalia Samsonova @3d.fox.soul,"https://dl.airtable.com/.attachments/844dff898bd7c3da4544b5f868f0ed5e/30d3f077/puffhemdressviz_tr.png?ts=1658991124&userId=usrJS3FPcjRWm5Vxo&cs=bb3acc1ec451e213, ",All good,"https://dl.airtable.com/.attachments/c4d9a8b3759ce0bf176cbe96b524fbbe/d7d9c5ce/puffhem_dress_video.mp4?ts=1658991124&userId=usrJS3FPcjRWm5Vxo&cs=82f100b931c3cac8, ",All good,All good,All good,1
Corrosion,"I was inspired by the beauty of metal corrosion, incredible overflows of rust and peeling paint in places. To create the shape of the dress, I used the blots I drew and then experimented with textures in Photoshop",Rita Valeeva,"https://dl.airtable.com/.attachments/44a8a8c0aeac52fd7fa54d1a466a418a/d4ea1abe/corrosion_16.png?ts=1658991124&userId=usrJS3FPcjRWm5Vxo&cs=854186ca29140eb1, ",All good,"https://dl.airtable.com/.attachments/8406a8cc2434c7d9c271fc7714b47e1c/523531fe/corrosion_360_s.mp4?ts=1658991124&userId=usrJS3FPcjRWm5Vxo&cs=2e7995aad25143b9, ",All good,All good,All good,1
Light Coat,"A lot of my designs are focused on bringing the digital and the natural together. In this case I my starting point was in the ethereal beauty of the shadows of plants in the wind. I found it fascinating how it contrasts with the way we view digital images, where we are able to see digital images through the light our screens emit, we can see these projections of plants by the absence of that light. The garments themselves are transparent in a purposefully artificial way to let the natural but digitised light shine from withing them.  ",Non Fungible Clothing,"https://dl.airtable.com/.attachments/3ae118105ae368b483ee45a164781f2f/4cc8b100/CoatFinal.png?ts=1658991124&userId=usrJS3FPcjRWm5Vxo&cs=540c874503020587, ",All good,"https://dl.airtable.com/.attachments/8805fd7b99ae0153f3780396f9d3725f/061a3b9b/RenderCoat_1.mp4?ts=1658991124&userId=usrJS3FPcjRWm5Vxo&cs=787b00d2f8d262a0, ",All good,All good,All good,1
Crystals,Purplle crystal ,Porka_ X,"https://dl.airtable.com/.attachments/796b8ccad55f64d58213d50f23664c8e/788071f6/porkajacket_1.png?ts=1658991124&userId=usrJS3FPcjRWm5Vxo&cs=c28f5aef36ab1cbd, ",All good,"https://dl.airtable.com/.attachments/8a8994124277718a45168a09f79c8adf/30fe9323/purple0.mp4?ts=1658991124&userId=usrJS3FPcjRWm5Vxo&cs=46b8e5044b0f85ee, ",All good,All good,All good,1
Biomorphic dress,dress was inspired by organic shapes,Dinara Garaeva (whynoen),"https://dl.airtable.com/.attachments/4d5e9f9a62b85e412248fd0b2e3f6b74/99f5cd1c/dress1.png?ts=1658991124&userId=usrJS3FPcjRWm5Vxo&cs=26f4b923b3bac95a, ",All good,"https://dl.airtable.com/.attachments/1ee968f3c96f3a394568cb973c2eb0f4/91c78a73/dress1.mp4?ts=1658991124&userId=usrJS3FPcjRWm5Vxo&cs=a18a0bcd5efc4426, ",All good,All good,All good,1
Mermaid Suit,This is my interpretation of a mermaid costume inspired by the shapes of the sea wave and the incredible colors of the ocean depths.,Ramila Akhmedova,"https://dl.airtable.com/.attachments/4706c5c68a0376af274f1b3470bb9d35/49ff88f6/Mermaid_Blue4096.png?ts=1658991124&userId=usrJS3FPcjRWm5Vxo&cs=336056c793cf9470, ",All good,"https://dl.airtable.com/.attachments/fbef1c54e884d0d9c797c58d631b05ec/6a107605/Mermaid_Video.mp4?ts=1658991124&userId=usrJS3FPcjRWm5Vxo&cs=e6f72f119cc93880, ",All good,All good,All good,1
Shimmer,"This dress is included in the collection ""Midsummer night"".  
Cool summer nights beckon with the sweet scent of mattiola in the garden, where the dew shimmers on the cobwebs, and the moon accompanies you on a midnight romantic date with him...",Galina Seredenko,"https://dl.airtable.com/.attachments/2f25e0de759f66aa8206e3bb8588c835/9f5536a9/Shimmer.png?ts=1658991124&userId=usrJS3FPcjRWm5Vxo&cs=5cceed55a8207856, ",All good,"https://dl.airtable.com/.attachments/f983e80dcff7b6f78a879ff49005e3bc/dfe5802a/Galina_Seredenko_Shimmer.mp4?ts=1658991124&userId=usrJS3FPcjRWm5Vxo&cs=8f339334e79d4307, ",All good,All good,All good,1
Military crochet pant,"The garment was developed from existing garments with a view to recycling a crochet cloth with a classic military padding.
Genderless, if you like it, you can wear it.",Andrea Lolato,"https://dl.airtable.com/.attachments/6a43f690971194ed43afdfd5b671d292/9297720e/MILITARYWAVEPANTS_1.png?ts=1658991124&userId=usrJS3FPcjRWm5Vxo&cs=5b83cd4ff77af66a, ",All good,"https://dl.airtable.com/.attachments/6752f7020222b229acb98ddcc4f54c88/ca2f1c4a/MILITARYWAVEPANTS_0.mp4?ts=1658991124&userId=usrJS3FPcjRWm5Vxo&cs=129f722ed92244e6, ",All good,All good,All good,1
ZERO_BOT,ZERO is an edgy but casual spin on puffer-wear that draws Inspiration from retro anime and space suits; an iridescent and hydrophobic fit for the modern introvert. Pants have in-built programmable LED displays. You can't drown in this drip.,EZZYLAND,"https://dl.airtable.com/.attachments/00c9e1f1f1148387fae1d52c303515f4/0d5296f4/zero_bot_2k_post.png?ts=1658991124&userId=usrJS3FPcjRWm5Vxo&cs=7e355140ff26c23d, ",All good,"https://dl.airtable.com/.attachments/e2957196001dd5935da8383fad3b57e2/e519a0b2/zero_bot.mp4?ts=1658991124&userId=usrJS3FPcjRWm5Vxo&cs=5a06edb7e24866a3, ",All good,All good,All good,1
DELIRIO TANK TOP,"Conceived from unwearable materials, Eter explores the infinite possibilities of the virtual and creates new digital wear. This garment is a two layered tank top: a translucent glassy top covered in hard melting metal, creating a balance between exploring fantasies through clothing and desirable items that we would love to have in real life.",ETER STUDIO,"https://dl.airtable.com/.attachments/6d687e4e0750681919f69427e083a0ab/73bc679e/EterStudio_Top_Front.png?ts=1658991124&userId=usrJS3FPcjRWm5Vxo&cs=85d199bc4ad888d7, ",All good,"https://dl.airtable.com/.attachments/226d1a0159dd916e0c3571a061245538/a78d3515/EterStudio_Top_360Video.mp4?ts=1658991124&userId=usrJS3FPcjRWm5Vxo&cs=111b3e9785d34801, ",All good,All good,All good,1
JJacket,This is the digital version of our John Jacket which we were inspired by the music and social position of the legendary John Lennon. it's a mix of biker jackets and hippie ponchos,Nawel ('asil),"https://dl.airtable.com/.attachments/d549b4171fbfcef5657908ac6767285e/7c476a4a/JJacket.png?ts=1658991124&userId=usrJS3FPcjRWm5Vxo&cs=182dfb2e8c39b451, ",All good,"https://dl.airtable.com/.attachments/9fe8b5929618788d66ba80aff7c40b0b/88cba886/JJacket.hevc.mp4?ts=1658991124&userId=usrJS3FPcjRWm5Vxo&cs=00e9fe731c65ebbd, ",All good,All good,All good,1
Dress Mess,"Live fast and overthink. 
Have you ever been out and about feeling luscious and suddenly the dread for the future knocked in? 
This spicy, coquettish dress is here to ask everyone. The answer is  always: enjoy the moment. ",Sofia Cucchi - Buyo Studio,"https://dl.airtable.com/.attachments/242283b403b296602743a3ec3a8d656c/db3a6f26/Dress-Mess_Front.png?ts=1658991124&userId=usrJS3FPcjRWm5Vxo&cs=9a0d712f4ed61f7a, ",All good,"https://dl.airtable.com/.attachments/55334c17de81c2f0101be5bc06221f4c/e5c3f653/Dress-Mess_3.mp4?ts=1658991124&userId=usrJS3FPcjRWm5Vxo&cs=8bb6de4470b086d0, ",All good,All good,All good,1
Rusty Top Purple Pants,Heavy chest. Anxiety. What comes next. Perfect pants. ,Digital Sigga,"https://dl.airtable.com/.attachments/9ee14962e74fb90be63f3d2392c56902/932564f1/LOOK2_0.png?ts=1658991124&userId=usrJS3FPcjRWm5Vxo&cs=26b28f78d2c33761, ",All good,"https://dl.airtable.com/.attachments/a8bece4213523c9690d2a51363b19ac6/be5fc672/RustyTopRIGHT.mov?ts=1658991124&userId=usrJS3FPcjRWm5Vxo&cs=064a90997ce664b4, ",All good,All good,All good,1
Black Widow,A velvet off-shoulder black dress with a slit for when the hot girl is widowed in her 30s. Sad yet sophisticated and elegant.,Mariam Khaled,"https://dl.airtable.com/.attachments/e55fa279e68b2bb2984ca4a6ca53cc39/158c0b2f/Blackwidowre.png?ts=1658991124&userId=usrJS3FPcjRWm5Vxo&cs=84e7ff5d1e3fcfeb, ",All good,"https://dl.airtable.com/.attachments/0723bc9507749b2ee125424ebc0d6b92/624078fb/videore.mp4?ts=1658991124&userId=usrJS3FPcjRWm5Vxo&cs=9ccae83d3b92082d, ",All good,All good,All good,1
Sunset dress,"This dress was inspired by the sunset, it's made in a gradient fabric that goes between orange and purple. the dress has five layers of accordion pleats that flare out at the end to reach that touch of gold like the sunset sky has these subtle sunrays. ",Mariam Khaled,"https://dl.airtable.com/.attachments/a4ebbd40f5e50d988ccc01713fd0ec38/a2ce8709/sunset.png?ts=1658991124&userId=usrJS3FPcjRWm5Vxo&cs=9375f7300f91275d, ",All good,"https://dl.airtable.com/.attachments/e343eeb43005c88c597b4d036367334b/9d72be93/video.mp4?ts=1658991124&userId=usrJS3FPcjRWm5Vxo&cs=d40981288089ee19, ",All good,All good,All good,1
white noise,"The realization has come that you have failed to protect yourself from the influence of white noise (the opinions of others, the media, the daily routine, groundhog day, the noise of cars and the noise of human life, the monotonous cycle).

White noise overrides the voice of my inner self. This noise makes it hard to hear and understand yourself.
",Alain Jassi,"https://dl.airtable.com/.attachments/7b7f86a530610cdf571043813641a637/29c4b668/whitenoise_High-resolutionpreview.png?ts=1658991124&userId=usrJS3FPcjRWm5Vxo&cs=263a00eeb67cfd3f, ",All good,"https://dl.airtable.com/.attachments/ba982aa69b1709147dd0401af3e29da6/d707cdab/0001-0150.mp4?ts=1658991124&userId=usrJS3FPcjRWm5Vxo&cs=5a75c7f21e9c814c, ",All good,All good,All good,1
Nastro dress,"Nastro dress is an elegant and essential dress. It wraps the shape of the body enhancing harmonious lines. The material is iridescent and enameled, enveloping you like an ancient goddess.",maria piattica,"https://dl.airtable.com/.attachments/5320715d4a9f77558211e11b3f520ccb/199291d4/Nastrodress_1.png?ts=1658991124&userId=usrJS3FPcjRWm5Vxo&cs=a87ea3c32fa53974, ",All good,"https://dl.airtable.com/.attachments/9c1d6f1b9fe447e5fd6080e242912bcf/2c6c3f87/Nastro.mp4?ts=1658991124&userId=usrJS3FPcjRWm5Vxo&cs=e3ac0bb4136ce652, ",All good,All good,All good,1
Coraline Coat,"I was born in a small village inside the hills, surrounded of green. The ispiration for Coraline coat is born from here, I mixed the mood from my grandma's old photographs with every shades of green that I see around me every day. ",Federica Crippa,"https://dl.airtable.com/.attachments/536307b1b86ff3be88fd20402dbbbe2d/35feaf85/CORALINE_1.png?ts=1658991124&userId=usrJS3FPcjRWm5Vxo&cs=fbf63431df7e225a, ",All good,"https://dl.airtable.com/.attachments/5cfa1697267aa48330abb09ec9d88905/30d9de3a/VideoCoraline.mp4?ts=1658991124&userId=usrJS3FPcjRWm5Vxo&cs=0475b0f97755efc0, ",All good,All good,All good,1
"Pants ""Pieces"" (Woman)","All products were created with the support of the new digital atelier A.D.A. (Alkali Digital Atelier)
The first costume ""Pieces"" is created for people, who wants to try clothes that cannot be in realitys are created for any gender and they can be worn separately.",O.Che,"https://dl.airtable.com/.attachments/113c103b325afaf935a1b61c6fb90c88/a3837f9a/PantsPiecesW1.png?ts=1658991124&userId=usrJS3FPcjRWm5Vxo&cs=5d55514b9875a94e, ",All good,"https://dl.airtable.com/.attachments/c710a5ffe73ab85693c36250712d71c6/9b4a45c9/PantsPiecesW.mp4?ts=1658991124&userId=usrJS3FPcjRWm5Vxo&cs=6afe623f8829b1dc, ",All good,All good,All good,1
From the Dev桜ce,Digital Dress [Sakura (new beginnings) + iPhone (accessibility to tech) + Eyes (navigating warnings)] = From the Dev桜ce ,lilliansato.o,"https://dl.airtable.com/.attachments/1bc812ace426c346e2356df9c37472de/a443a1ef/FromtheDevce.png?ts=1658991124&userId=usrJS3FPcjRWm5Vxo&cs=703f420ba32851f5, ",All good,"https://dl.airtable.com/.attachments/ca8813e3644c473b5cd4680a29b210c3/9383c014/FromtheDevce360.mp4?ts=1658991124&userId=usrJS3FPcjRWm5Vxo&cs=7637425a75567839, ",All good,All good,All good,1
Radiance dress,"The Radiance dress is inspired by the role of women in today's world. And metaphorically all the roles are reflected in this attire. The armor symbolizes the function of protecting the family, children and oneself. Luminous side elements with a train refer to the social component, where they achieve success, create new projects and leave a significant mark on history. An animated twinkling centerpiece front and back shows how women fill the world with beauty and brilliance, and how they change the world around them.","Olga Gladilova, 19G","https://dl.airtable.com/.attachments/24276cccf88500de39d14adff47f45fe/174f6dad/dress2zero10finalrender.png?ts=1658991124&userId=usrJS3FPcjRWm5Vxo&cs=3ac986e992e98f56, ",All good,"https://dl.airtable.com/.attachments/ca86136890293c2b4b84a138849819a0/44076628/finaldress2zero10short.mp4?ts=1658991124&userId=usrJS3FPcjRWm5Vxo&cs=2f3f2b6ada273163, ",All good,All good,All good,1
Iridiscent Spacial Jumper,Spacial Jumper with iridiscent and translucent materials,Sogo Tyd,"https://dl.airtable.com/.attachments/46003e7773718c5db85f9c2ef5a110a2/aaf51047/IridiscentShortFINAL.png?ts=1658991124&userId=usrJS3FPcjRWm5Vxo&cs=70a61c41af0b77b5, ",All good,"https://dl.airtable.com/.attachments/835bd2aaac4dc9cc028d9124685328b4/1f3e7a14/Zero10360ShortFINAL.mp4?ts=1658991124&userId=usrJS3FPcjRWm5Vxo&cs=9e375b381661f7e9, ",All good,All good,All good,1
Ostrich Feather Dress,This dress is simple from a pattern-making point of view but has the twist of lots of ostrich feathers attatched to the skirt. This and the colours chosen make the wearer stand out from the mass for sure!,Giulio Bianchi (Nickname: gibi80 - Instagram: giulio_bianchi_dfi),"https://dl.airtable.com/.attachments/5eb8fb0b2438b29cb5258cccf77ef670/74388844/ostrich_ColorwayA.png?ts=1658991124&userId=usrJS3FPcjRWm5Vxo&cs=6575d288cf900559, ",All good,"https://dl.airtable.com/.attachments/db1344bd5fb205f77cf15e425a46a870/88651127/OstrichFeatherDress.mp4?ts=1658991124&userId=usrJS3FPcjRWm5Vxo&cs=a4c38026a712bd9d, ",All good,All good,All good,1
Asymmetrical dress,Flowy yet elegant go-to staple for a chic-classic and fierce aesthetic. ,Jelizaveta Haqleitner,"https://dl.airtable.com/.attachments/1fa731cb5ba6f250ef38ed0d24498d34/87a50ca0/asymmetrical_dress_photo.png?ts=1658991124&userId=usrJS3FPcjRWm5Vxo&cs=3ad636fd1edea241, ",All good,"https://dl.airtable.com/.attachments/d0198fb9995f022983a9b57eb11376ee/811a5b4e/asymmetrical_dress_compressed_hevc.mp4?ts=1658991124&userId=usrJS3FPcjRWm5Vxo&cs=687296d06112c9be, ",All good,All good,All good,1
Mystic Side Dress,The hot and the cold. The natural and the mystical. Dreamy. ,Digital Sigga ,"https://dl.airtable.com/.attachments/7c5fb8bfea93452e853c31b47de3a3ef/ac1c6cc7/MisticalPlainDress.png?ts=1658991124&userId=usrJS3FPcjRWm5Vxo&cs=7fe0473f5d034efd, ",All good,"https://dl.airtable.com/.attachments/b10b5bc345bc2068bbc2a3048b0c5b99/8b79abff/MistaicalPlain.mp4?ts=1658991124&userId=usrJS3FPcjRWm5Vxo&cs=a75d1c3b6716722a, ",All good,All good,All good,1
Lover Puffer Jacket,A playful oversized digital puffer jacket with the ability to express love with an animated heart in AR.,oSnowie,"https://dl.airtable.com/.attachments/ea03704802c9ad8f7349c0c7eb7a4cc3/9c1c1f65/Zero10_Static_HiRes.png?ts=1658991124&userId=usrJS3FPcjRWm5Vxo&cs=c1b9e8c4db54bdb8, ",All good,"https://dl.airtable.com/.attachments/40550fa0694e5fd63c64549541eb1b0a/e9fede81/Zero10_360_1080.mp4?ts=1658991124&userId=usrJS3FPcjRWm5Vxo&cs=09f8e1eab9a96f70, ",All good,All good,All good,1
Venus,"This inflatable dress was created as a part of collection ""Planet Parade"". In Roman mythology Venus is a goddess of love and beauty. This is why the piece of garment has a very mild feminine look.",ITSALIVE,"https://dl.airtable.com/.attachments/b32ea938821ed246b7f717005bef4701/82855fa2/Itsalive_Venus.png?ts=1658991124&userId=usrJS3FPcjRWm5Vxo&cs=50960b0155441c59, ",All good,"https://dl.airtable.com/.attachments/e9110426f6126a7cdb1b8c0d068b032b/13df4a73/Itsalive_Venus.mp4?ts=1658991124&userId=usrJS3FPcjRWm5Vxo&cs=979b2d5019237f1d, ",All good,All good,All good,1
Rocket Nostalgia ,"Inspired by the feelings, Thoughts and conversations that astronauts have throughout their journeys, Thinking that somehow all these stay inside the ship, keeping their joys, discoveries and uncertainties. This design reflects all the moments and experiences they lived through and makes us remember everything they have achieved. ",Alexa Kusulas,"https://dl.airtable.com/.attachments/a6686f67635ade3c1145a2cc35b9d3a5/db463a21/RocketNostalgia.png?ts=1658991124&userId=usrJS3FPcjRWm5Vxo&cs=4e4510cc74b9d175, ",All good,"https://dl.airtable.com/.attachments/b2506c62be3a3f698ec6bf34d93b2afe/d849db2f/RocketNostalgia.hevc.mp4?ts=1658991124&userId=usrJS3FPcjRWm5Vxo&cs=81693b410a2ace56, ",All good,All good,All good,1
NeoDIABLO,The NeoDIABLO piece is the result of the junction of references that border the Y2K aesthetic with a lifestile of those who love and consume content aimed at TRASH terror. The futuristic with the nostalgic resulted in a jacket that represents this union of references.,NOSSAMATH,"https://dl.airtable.com/.attachments/335eaf79f45f77d6f628344ce8d8e1c0/182dd12b/RENDERALTACOMTEXTURA0215_0226.png?ts=1658991126&userId=usrJS3FPcjRWm5Vxo&cs=cf27c9627d6dcdf7, ",All good,"https://dl.airtable.com/.attachments/6c4887b9bcb3f97df5d770f503274b21/8a65a8ea/NeoDIABLO.mp4?ts=1658991126&userId=usrJS3FPcjRWm5Vxo&cs=67ba17a96e4eeadd, ",All good,All good,All good,1
Algae Green Dress ,"Olska Green (founder of the Ecoolska brand and fashion designer) was inspired by biodiversity of wonderful underwater world. The beauty of nature is the best source of inspiration. Algae plays a significant and integral role in the marine ecosystem. It is very important for balancing marine ecosystems and plays a role in thwarting climate change. You can feel like a mermaid from a fairy tale if you virtually try on this flowing elegant digital dress. 
",Ecoolska ,"https://dl.airtable.com/.attachments/d6e25e067c0676190b75e8f98dc462c3/a7ba79e4/GreenDress_PNG.png?ts=1658991126&userId=usrJS3FPcjRWm5Vxo&cs=b9e586d0e83565ca, ",All good,"https://dl.airtable.com/.attachments/9ab3f7f6ce6037fce289622663f57022/2ccb9630/GreenDress.mp4?ts=1658991126&userId=usrJS3FPcjRWm5Vxo&cs=f21f32b7f88dbb83, ",All good,All good,All good,1
"dress ""crack""",I am looking for inspiration in the real world and I want to reflect its beauty in the virtual world. I wanted to create an unusual dress design and complement it with an interesting texture. I hope I managed to get your attention. thanks!,OKA (Katerina Zhikhareva),"https://dl.airtable.com/.attachments/f1783cc75e8210ccbda3ba43252030b7/3cc0233f/OpenCall_Zero10_OKA_static.png?ts=1658991126&userId=usrJS3FPcjRWm5Vxo&cs=be312794e62749e0, ",All good,"https://dl.airtable.com/.attachments/52fbede2b5faad26b310a13b05115e67/179fc2cb/Open-Call_Zero10_OKA.hevc.mp4?ts=1658991126&userId=usrJS3FPcjRWm5Vxo&cs=38c89f3105a60530, ",All good,All good,All good,1
